Workbook

Sheet Master Movement
A1: Action Site | B1: 7 | C1: 7 | D1: 7
A2: Date | B2: 31/05/2026 | C2: 31/05/2026 | D2: 31/05/2026 | K2: In
A3: Movement | B3: Out | D3: Out | E3: Out | F3: Out | G3: Out | H3: Out | I3: Out | K3: Out
B4: l
A5: Name | B5: , | K5: Awp 10p | L5: 0.02 | M5: No Meters | N5: 0
A6: Model | B6: 3 | K6: Awp 2p | L6: 0.05 | M6: Cash In | N6: 5
A7: Stock | B7: 3 | K7: Awp 5p | L7: 0.1 | M7: Cash In / Out | N7: 20
A8: Serial | B8: 3 | K8: Awp Adult | L8: 0.2 | M8: Cash In / Out / VTP | N8: 25
A9: Quantum # | K9: Awp Liquor | L9: 0.3 | M9: Cash In / Ticket Out | N9: 35
A10: Venue | K10: B3 | L10: 0.4 | M10: Cash In / Prize Out | N10: 50
A11: Location | K11: B4 | L11: 0.5 | N11: 70
A12: Category | K12: Bingo/Derby | L12: 1 | N12: 100
A13: POP | K13: Bowling | L13: 1.5 | N13: 250
A14: Jackpot | K14: Club Liquor | L14: 2 | N14: 400
A15: Meter Set | K15: Cotton Candy | L15: 3 | N15: 500
A16: Meter Value | K16: Crane | L16: 4
A17: Meter Value 1 | K17: Fat Spanner | L17: 5
A18: Meter Value 2 | K18: Hockey
A19: Meter Value 3 | K19: Kiddie Ride
A20: Meter Value 4 | K20: Misc (Rentals)
A21: Meter Value 5 | K21: MultiGame
A22: Meter Value 6 | K22: Others
A23: Meter Value 7 | K23: Pool
A24: Meter Value 8 | K24: Prize SWP
A25: Meter Value 9 | K25: Pushers
A26: Meter Value 10 | K26: Redemption
A27: Meter Value 11 | K27: SWP
A28: Meter Value 12 | K28: Vendors
K29: Video AWP
K30: Video Game

Sheet Transport Docket
G2: PLR12 Resorts Transport
A4: Action Site | B4: Date | C4: Machine Name | D4: Model | E4: Stock | F4: Serial | G4: Dispatch To
A5: 7 | B5: 31/05/2026 | C5: , | D5: 3 | E5: 3 | F5: 3 | G5: l
A6: ='Master Movement'!C1 -> california cliffs | B6: ='Master Movement'!C2 -> 46044 | C6: ='Master Movement'!C5 -> 0 | D6: ='Master Movement'!C6 -> 0 | E6: ='Master Movement'!C7 -> 0 | F6: ='Master Movement'!C8 -> 0 | G6: ='Master Movement'!C4 -> 0
A7: ='Master Movement'!D1 -> california cliffs | B7: ='Master Movement'!D2 -> 46044 | C7: ='Master Movement'!D5 -> 0 | D7: ='Master Movement'!D6 -> 0 | E7: ='Master Movement'!D7 -> 0 | F7: ='Master Movement'!D8 -> 0 | G7: ='Master Movement'!D4 -> 0
A8: ='Master Movement'!E1 -> 0 | B8: ='Master Movement'!E2 -> 0 | C8: ='Master Movement'!E5 -> 0 | D8: ='Master Movement'!E6 -> 0 | E8: ='Master Movement'!E7 -> 0 | F8: ='Master Movement'!E8 -> 0 | G8: ='Master Movement'!E4 -> 0
A9: ='Master Movement'!F1 -> 0 | B9: ='Master Movement'!F2 -> 0 | C9: ='Master Movement'!F5 -> 0 | D9: ='Master Movement'!F6 -> 0 | E9: ='Master Movement'!F7 -> 0 | F9: ='Master Movement'!F8 -> 0 | G9: ='Master Movement'!F4 -> 0
A10: ='Master Movement'!G1 -> 0 | B10: ='Master Movement'!G2 -> 0 | C10: ='Master Movement'!G5 -> 0 | D10: ='Master Movement'!G6 -> 0 | E10: ='Master Movement'!G7 -> 0 | F10: ='Master Movement'!G8 -> 0 | G10: ='Master Movement'!G4 -> 0
A11: ='Master Movement'!H1 -> 0 | B11: ='Master Movement'!H2 -> 0 | C11: ='Master Movement'!H5 -> 0 | D11: ='Master Movement'!H6 -> 0 | E11: ='Master Movement'!H7 -> 0 | F11: ='Master Movement'!H8 -> 0 | G11: ='Master Movement'!H4 -> 0
A12: ='Master Movement'!I1 -> 0 | B12: ='Master Movement'!I2 -> 0 | C12: ='Master Movement'!I5 -> 0 | D12: ='Master Movement'!I6 -> 0 | E12: ='Master Movement'!I7 -> 0 | F12: ='Master Movement'!I8 -> 0 | G12: ='Master Movement'!I4 -> 0
A14: Transport Details
A16: Collecting Company | D16: Received By:
A18: Collecting Driver

Sheet Photos
A1: Machine Photos
A3: No photos added
